category,title,price,link
Телевізори,Телевізор JVC LT-43MU759,11599,https://comfy.ua/ua/televizor-jvc-lt-43mu759.html
Телевізори,Телевізор LG 43UA75006LA,14199,https://comfy.ua/ua/televizor-lg-43ua75006la.html
Телевізори,Телевізор Samsung UE50U8000FUXUA,19499,https://comfy.ua/ua/televizor-samsung-ue50u8000fuxua.html
Телевізори,Телевізор TCL 43P6K,13499,https://comfy.ua/ua/televizor-tcl-43p6k.html
Телевізори,Телевізор Samsung UE40F6000FUXUA,11999,https://comfy.ua/ua/televizor-samsung-ue40f6000fuxua.html
Телевізори,Телевізор JVC LT-32MU238,6999,https://comfy.ua/ua/televizor-jvc-lt-32mu238.html
Телевізори,Телевізор Samsung QE65QN70FAUXUA,49999,https://comfy.ua/ua/televizor-samsung-qe65qn70fauxua.html
Телевізори,Телевізор Liberton LTV-24H02GT,5499,https://comfy.ua/ua/televizor-liberton-ltv-24h02gt.html
Телевізори,Телевізор Kivi 40F820KB,9999,https://comfy.ua/ua/televizor-kivi-40f820kb.html
Телевізори,Телевізор Samsung QE55Q6FAAUXUA,23999,https://comfy.ua/ua/televizor-samsung-qe55q6faauxua.html
Телевізори,Телевізор Samsung UE43U8000FUXUA,15999,https://comfy.ua/ua/televizor-samsung-ue43u8000fuxua.html
Телевізори,Телевізор Samsung QE55QN70FAUXUA,36999,https://comfy.ua/ua/televizor-samsung-qe55qn70fauxua.html
Телевізори,Телевізор Samsung QE43Q7FAAUXUA,18999,https://comfy.ua/ua/televizor-samsung-qe43q7faauxua.html
Телевізори,Телевізор Shivaki S32NHCH001,4599,https://comfy.ua/ua/televizor-shivaki-s32nhch001.html
Телевізори,Телевізор Samsung QE50Q7FAAUXUA,23999,https://comfy.ua/ua/televizor-samsung-qe50q7faauxua.html
Телевізори,Телевізор Kivi 55U820KB,17999,https://comfy.ua/ua/televizor-kivi-55u820kb.html
Телевізори,Телевізор Xiaomi TV A Pro 43 2026 (L43MB-APME),13499,https://comfy.ua/ua/televizor-xiaomi-tv-a-pro-43-2026.html
Телевізори,Телевізор LG 55UA75006LA,20999,https://comfy.ua/ua/televizor-lg-55ua75006la.html
Телевізори,Телевізор Xiaomi TV A Pro 55 2026 (L55MB-APME),17999,https://comfy.ua/ua/televizor-xiaomi-tv-a-pro-55-2026-l55mb-apme-10040906.html
Телевізори,Телевізор Hisense 32A4Q,7699,https://comfy.ua/ua/televizor-hisense-32a4q.html
Телевізори,Телевізор Samsung QE55Q7FAAUXUA,25999,https://comfy.ua/ua/televizor-samsung-qe55q7faauxua.html
Телевізори,Телевізор Xiaomi TV A 50 2026,14999,https://comfy.ua/ua/televizor-xiaomi-tv-a-50-2026.html
Телевізори,Телевізор Hisense 55E8Q,32999,https://comfy.ua/ua/televizor-hisense-55e8q.html
Телевізори,Телевізор LG 50UA75006LA,18999,https://comfy.ua/ua/televizor-lg-50ua75006la.html
Телевізори,Телевізор Samsung QE50Q8FAAUXUA,27999,https://comfy.ua/ua/televizor-samsung-qe50q8faauxua.html
Телевізори,Телевізор LG 50NANO81A6A,23999,https://comfy.ua/ua/televizor-lg-50nano81a6a.html
Телевізори,Телевізор TCL 32S5K,8699,https://comfy.ua/ua/televizor-tcl-32s5k.html
Телевізори,Телевізор LG 43NANO81A6A,17499,https://comfy.ua/ua/televizor-lg-43nano81a6a.html
Телевізори,Телевізор Xiaomi TV A 32 2026 (L32MB-AME),6799,https://comfy.ua/ua/televizor-xiaomi-tv-a-32-2026-l32mb-ame.html
Телевізори,Телевізор Samsung UE55U8000FUXUA,21999,https://comfy.ua/ua/televizor-samsung-ue55u8000fuxua.html
Телевізори,Телевізор Xiaomi TV A 55 2026,16499,https://comfy.ua/ua/televizor-xiaomi-tv-a-55-2026.html
Телевізори,Телевізор Xiaomi TV A 43 FHD 2026,10499,https://comfy.ua/ua/televizor-xiaomi-tv-a-43-fhd-2026.html
Телевізори,Телевізор TCL 55P6K,17999,https://comfy.ua/ua/televizor-tcl-55p6k.html
Телевізори,Телевізор Kivi 32H820KB,6799,https://comfy.ua/ua/televizor-kivi-32h820kb.html
Телевізори,Телевізор TCL 55P7K,21999,https://comfy.ua/ua/televizor-tcl-55p7k.html
Телевізори,Телевізор Samsung QE55S90FAEXUA,64999,https://comfy.ua/ua/televizor-samsung-qe55s90faexua.html
Телевізори,Телевізор Liberton LTV-32F08GT,6999,https://comfy.ua/ua/televizor-liberton-ltv-32f08gt.html
Телевізори,Телевізор Xiaomi TV A Pro 65 2026 (L65MB-APME),25999,https://comfy.ua/ua/televizor-xiaomi-tv-a-pro-65-2026.html
Телевізори,Телевізор Samsung UE32F6000FUXUA,11499,https://comfy.ua/ua/televizor-samsung-ue32f6000fuxua.html
Телевізори,Телевізор Liberton LTV-32H05GT,6199,https://comfy.ua/ua/televizor-liberton-ltv-32h05gt.html
Телевізори,Телевізор TCL 43P7K,17499,https://comfy.ua/ua/televizor-tcl-43p7k.html
Телевізори,Телевізор Hisense 50E8Q,28499,https://comfy.ua/ua/televizor-hisense-50e8q.html
Телевізори,Телевізор LG 32LQ63006LA,10499,https://comfy.ua/ua/televizor-lg-32lq63006la.html
Телевізори,Телевізор HILTON 32SH1,4999,https://comfy.ua/ua/televizor-hilton-32sh1.html
Телевізори,Телевізор Samsung UE43U7000FUXUA,15499,https://comfy.ua/ua/televizor-samsung-ue43u7000fuxua.html
Телевізори,Телевізор Samsung QE65Q7FAAUXUA,35999,https://comfy.ua/ua/televizor-samsung-qe65q7faauxua.html
Телевізори,Телевізор Samsung QE55S95FAUXUA,69999,https://comfy.ua/ua/televizor-samsung-qe55s95fauxua.html
Телевізори,Телевізор Samsung UE32H5000FUXUA,9499,https://comfy.ua/ua/televizor-samsung-ue32h5000fuxua.html
Телевізори,Телевізор Samsung QE65S90FAUXUA,94999,https://comfy.ua/ua/televizor-samsung-qe65s90fauxua.html
Телевізори,Телевізор Hisense 55A7Q,23499,https://comfy.ua/ua/televizor-hisense-55a7q.html
Телевізори,Телевізор Samsung UE65U8000FUXUA,29999,https://comfy.ua/ua/televizor-samsung-ue65u8000fuxua.html
Телевізори,Телевізор Hisense 40A5Q,12299,https://comfy.ua/ua/televizor-hisense-40a5q.html
Телевізори,Телевізор Xiaomi TV A 65 2026,22999,https://comfy.ua/ua/televizor-xiaomi-tv-a-65-2026.html
Телевізори,Телевізор Hisense 55E7Q,22999,https://comfy.ua/ua/televizor-hisense-55e7q.html
Телевізори,Телевізор TCL 55C6K,33999,https://comfy.ua/ua/televizor-tcl-55c6k.html
Телевізори,Телевізор Samsung QE55Q8FAAUXUA,32999,https://comfy.ua/ua/televizor-samsung-qe55q8faauxua.html
Телевізори,Телевізор Hisense 40A4Q,10499,https://comfy.ua/ua/televizor-hisense-40a4q.html
Телевізори,Телевізор LG OLED55C54LA,69999,https://comfy.ua/ua/televizor-lg-oled55c54la.html
Телевізори,Телевізор TCL 50C6KS,22999,https://comfy.ua/ua/televizor-tcl-50c6ks.html
Телевізори,Телевізор Liberton LTV-24H01AT,5099,https://comfy.ua/ua/televizor-liberton-ltv-24h01at.html
Телевізори,Телевізор Samsung QE55QN90FAUXUA,63999,https://comfy.ua/ua/televizor-samsung-qe55qn90fauxua.html
Телевізори,Телевізор Liberton LTV-32F03GT,6999,https://comfy.ua/ua/televizor-liberton-32f03gt.html
Телевізори,Телевізор Shivaki S43NFCH001 Black,7599,https://comfy.ua/ua/televizor-shivaki-s43nfch001-black.html
Телевізори,Телевізор Tesla 24E632BHS,5199,https://comfy.ua/ua/televizor-tesla-24e632bhs.html
Телевізори,Телевізор Hisense 50A7Q,20999,https://comfy.ua/ua/televizor-hisense-50a7q.html
Телевізори,Телевізор HILTON 32TH1,4299,https://comfy.ua/ua/televizor-hilton-32th1.html
Телевізори,Телевізор TCL 50P6K,16999,https://comfy.ua/ua/televizor-tcl-50p6k.html
Телевізори,Телевізор SETUP 32HSF30,4999,https://comfy.ua/ua/televizor-setup-32hsf30.html
Телевізори,Телевізор KIVI 32F770QB,8499,https://comfy.ua/ua/televizor-kivi-32f770qb.html
Телевізори,Телевізор Xiaomi TV S Mini LED 65 2025,36999,https://comfy.ua/ua/televizor-xiaomi-tv-s-mini-led-65-2025.html
Телевізори,Телевізор Liberton LTV-40F02GT,8199,https://comfy.ua/ua/televizor-liberton-ltv-40f02gt.html
Телевізори,Телевізор Samsung QE50QN90FAUXUA,54999,https://comfy.ua/ua/televizor-samsung-qe50qn90fauxua.html
Телевізори,Телевізор KIVI 24H710QB,5599,https://comfy.ua/ua/televizor-kivi-24h710qb.html
Телевізори,Телевізор Samsung QE43Q8FAAUXUA,26999,https://comfy.ua/ua/televizor-samsung-qe43q8faauxua.html
Телевізори,Телевізор LG 55NANO81A6A,25499,https://comfy.ua/ua/televizor-lg-55nano81a6a.html
Телевізори,Телевізор Hisense 43E7Q,17199,https://comfy.ua/ua/televizor-hisense-43e7q.html
Телевізори,Телевізор LG OLED42C54LA,41999,https://comfy.ua/ua/televizor-lg-oled42c54la.html
Телевізори,Телевізор Samsung QE65QN90FAUXUA,89999,https://comfy.ua/ua/televizor-samsung-qe65qn90fauxua.html
Телевізори,Телевізор Liberton LTV-43U02GT,9999,https://comfy.ua/ua/televizor-liberton-ltv-43u02gt.html
Телевізори,Телевізор Samsung QE65Q8FAAUXUA,44999,https://comfy.ua/ua/televizor-samsung-qe65q8faauxua.html
Телевізори,Телевізор KIVI 24H760QB,5599,https://comfy.ua/ua/televizor-kivi-24h760qb.html
Телевізори,Телевізор Hisense 65A6Q,26999,https://comfy.ua/ua/televizor-hisense-65a6q.html
Телевізори,Телевізор Samsung QE75QN70FAUXUA,65999,https://comfy.ua/ua/televizor-samsung-qe75qn70fauxua.html
Телевізори,Телевізор JVC LT-50MU759,15555,https://comfy.ua/ua/televizor-jvc-lt-50mu759.html
Телевізори,Телевізор Hisense 43A6Q,14199,https://comfy.ua/ua/televizor-hisense-43a6q.html
Телевізори,Телевізор TCL 55P8K,26999,https://comfy.ua/ua/televizor-tcl-55p8k.html
Телевізори,Телевізор Samsung UE24F6000FUXUA,10499,https://comfy.ua/ua/televizor-samsung-ue24f6000fuxua.html
Телевізори,Телевізор TCL 65P8K,36999,https://comfy.ua/ua/televizor-tcl-65p8k.html
Телевізори,Телевізор LG 55QNED70A6A,28999,https://comfy.ua/ua/televizor-lg-55qned70a6a.html
Телевізори,Телевізор Samsung QE55QN85FAUXUA,49999,https://comfy.ua/ua/televizor-samsung-qe55qn85fauxua.html
Телевізори,Телевізор Mystery MTV-3220HT2,4599,https://comfy.ua/ua/televizor-mystery-mtv-3220ht2.html
Телевізори,Телевізор TCL 65C6K,45999,https://comfy.ua/ua/televizor-tcl-65c6k.html
Телевізори,Телевізор Hisense 65E8Q,43999,https://comfy.ua/ua/televizor-hisense-65e8q.html
Телевізори,Телевізор Haier H55S80FUX,15999,https://comfy.ua/ua/televizor-haier-h55s80fux.html
Телевізори,Телевізор Hisense 65U7Q PRO,55999,https://comfy.ua/ua/televizor-hisense-65u7q-pro.html
Телевізори,Телевізор 2E 2E-43A07B Black,7999,https://comfy.ua/ua/televizor-2e-2e-43a07b-black.html
Телевізори,Телевізор Samsung QE42S90FAEXUA,42999,https://comfy.ua/ua/televizor-samsung-qe42s90faexua.html
Телевізори,Телевізор TCL 50P7K,19999,https://comfy.ua/ua/televizor-tcl-50p7k.html
Телевізори,Телевізор Liberton LTV-43F01AT,8999,https://comfy.ua/ua/televizor-liberton-ltv-43f01at.html
Телевізори,Телевізор Mystery MTV-2450HST2 LED,4199,https://comfy.ua/ua/televizor-mystery-mtv-2450hst2-led.html
Телевізори,Телевізор Sony K-55XR80M2,119999,https://comfy.ua/ua/televizor-sony-k-55xr80m2.html
Телевізори,Телевізор TCL 43T69C,15999,https://comfy.ua/ua/televizor-tcl-43t69c.html
Телевізори,Телевізор LG OLED55B56LA,47999,https://comfy.ua/ua/televizor-lg-oled55b56la.html
Телевізори,Телевізор Samsung QE65QN80FAUXUA,59999,https://comfy.ua/ua/televizor-samsung-qe65qn80fauxua.html
Телевізори,Телевізор LG OLED55G54LW,86999,https://comfy.ua/ua/televizor-lg-oled55g54lw.html
Телевізори,Телевізор Mystery MTV-2450HT2,3799,https://comfy.ua/ua/televizor-mystery-mtv-2450ht2.html
Телевізори,Телевізор Tesla 50E655BUS,13899,https://comfy.ua/ua/televizor-tesla-50e655bus.html
Телевізори,Телевізор Xiaomi TV A Pro 75 2026 (L75MB-APME),36999,https://comfy.ua/ua/televizor-xiaomi-tv-a-pro-75-2026-l75mb-apme.html
Телевізори,Телевізор TCL 55C7K,47999,https://comfy.ua/ua/televizor-tcl-55c7k.html
Телевізори,Телевізор Hisense 55U7Q PRO,39999,https://comfy.ua/ua/televizor-hisense-55u7q-pro.html
Телевізори,Телевізор Hisense 43E7Q PRO,19999,https://comfy.ua/ua/televizor-hisense-43e7q-pro.html
Телевізори,Телевізор LG OLED48C54LA,47999,https://comfy.ua/ua/televizor-lg-oled48c54la.html
Телевізори,Телевізор Samsung QE55LS03FAUXUA,48999,https://comfy.ua/ua/televizor-samsung-qe55ls03fauxua.html
Телевізори,Телевізор LG OLED65C54LA,92999,https://comfy.ua/ua/televizor-lg-oled65c54la.html
Телевізори,Телевізор LG 50QNED70A6A,25999,https://comfy.ua/ua/televizor-lg-50qned70a6a.html
Телевізори,Телевізор LG 32LQ630B6LA,8999,https://comfy.ua/ua/televizor-lg-32lq630b6la.html
Телевізори,Телевізор TCL 65C6KS,37999,https://comfy.ua/ua/televizor-tcl-65c6ks.html
Телевізори,Телевізор Samsung QE48S90FAEXUA,51999,https://comfy.ua/ua/televizor-samsung-qe48s90faexua.html
Телевізори,Телевізор Thomson 24HQG3S15C,6899,https://comfy.ua/ua/televizor-thomson-24hqg3s15c.html
Телевізори,Телевізор Hisense 50A6Q,17499,https://comfy.ua/ua/televizor-hisense-50a6q.html
Телевізори,Телевізор Samsung UE27F6000FUXUA,11499,https://comfy.ua/ua/televizor-samsung-ue27f6000fuxua.html
Телевізори,Телевізор Xiaomi TV S Mini LED 55 2025,27999,https://comfy.ua/ua/televizor-xiaomi-tv-s-mini-led-55-2025.html
Телевізори,Телевізор LG 32LQ63806LC,11999,https://comfy.ua/ua/televizor-lg-32lq63806lc.html
Телевізори,Телевізор Hisense 43A7NQ,17999,https://comfy.ua/ua/televizor-hisense-43a7nq.html
Телевізори,Телевізор TCL 50C6K,28999,https://comfy.ua/ua/televizor-tcl-50c6k.html
Телевізори,Телевізор Samsung QE50LS03FAUXUA,40999,https://comfy.ua/ua/televizor-samsung-qe50ls03fauxua.html
Телевізори,Телевізор Samsung QE85Q7FAAUXUA,65999,https://comfy.ua/ua/televizor-samsung-qe85q7faauxua.html
Телевізори,Телевізор LG 65QNED70A6A,40999,https://comfy.ua/ua/televizor-lg-65qned70a6a.html
Телевізори,Телевізор Hisense 55A6Q,19499,https://comfy.ua/ua/televizor-hisense-55a6q.html
Телевізори,Телевізор Kivi 50U800KB,13999,https://comfy.ua/ua/televizor-kivi-50u800kb.html
Телевізори,Телевізор Hisense 55U8Q,45999,https://comfy.ua/ua/televizor-hisense-55u8q.html
Телевізори,Телевізор Samsung QE85QN80FAUXUA,114999,https://comfy.ua/ua/televizor-samsung-qe85qn80fauxua.html
Телевізори,Телевізор UD 32EHA4210,4799,https://comfy.ua/ua/televizor-ud-32eha4210.html
Телевізори,Телевізор Ergo 24JHS6800,5699,https://comfy.ua/ua/televizor-ergo-24jhs6800.html
Телевізори,Телевізор Samsung QE65S95FAUXUA,134999,https://comfy.ua/ua/televizor-samsung-qe65s95fauxua.html
Телевізори,Телевізор Samsung QE55S85FAUXUA,59999,https://comfy.ua/ua/televizor-samsung-qe55s85fauxua.html
Телевізори,Телевізор Sony KD50X75WL,31999,https://comfy.ua/ua/televizor-sony-kd50x75wl.html
Телевізори,Телевізор Mystery MTV-3230HST2,4899,https://comfy.ua/ua/televizor-mystery-mtv-3230hst2.html
Телевізори,Телевізор Philips 43PUS8510/12,18999,https://comfy.ua/ua/televizor-philips-43pus8510-12.html
Телевізори,Телевізор TCL 65P6K,25999,https://comfy.ua/ua/televizor-tcl-65p6k.html
Телевізори,Телевізор Hisense 55E7Q PRO,27999,https://comfy.ua/ua/televizor-hisense-55e7q-pro.html
Телевізори,Телевізор Philips 55OLED770/12,54999,https://comfy.ua/ua/televizor-philips-55oled770-12.html
Телевізори,Телевізор TCL 65C7K,56999,https://comfy.ua/ua/televizor-tcl-65c7k.html
Телевізори,Телевізор TCL 40S5K,12299,https://comfy.ua/ua/televizor-tcl-40s5k.html
Телевізори,Телевізор Mystery MTV-3220HST2,5199,https://comfy.ua/ua/televizor-mystery-mtv-3220hst2.html
Телевізори,Телевізор TCL 50C7K,33999,https://comfy.ua/ua/televizor-tcl-50c7k.html
Телевізори,Телевізор KIVI 40F720QB,9999,https://comfy.ua/ua/televizor-kivi-40f720qb.html
Телевізори,Телевізор Tesla Q43E655GUS,11999,https://comfy.ua/ua/televizor-tesla-q43e655gus.html
Телевізори,Телевізор Philips 55OLED820/12,65999,https://comfy.ua/ua/televizor-philips-55oled820-12.html
Телевізори,Телевізор LG 43QNED80A6A,24999,https://comfy.ua/ua/televizor-lg-43qned80a6a.html
Телевізори,Телевізор LG 55QNED86A6A,42999,https://comfy.ua/ua/televizor-lg-55qned86a6a.html
Телевізори,Телевізор Hisense 85A6Q,47999,https://comfy.ua/ua/televizor-hisense-85a6q.html
Телевізори,Телевізор TCL 55C6KS,29999,https://comfy.ua/ua/televizor-tcl-55c6ks.html
Телевізори,Телевізор Thomson 32FQG3S15C,8199,https://comfy.ua/ua/televizor-thomson-32fqg3s15c.html
Телевізори,Телевізор KIVI 40F710QB,9999,https://comfy.ua/ua/televizor-kivi-40f710qb.html
Телевізори,Телевізор Ergo 32JFQ7500,7799,https://comfy.ua/ua/televizor-ergo-32jfq7500.html
Телевізори,Телевізор LG 55QNED80A6A,35999,https://comfy.ua/ua/televizor-lg-55qned80a6a.html
Телевізори,Телевізор Philips 55PUS8010/12,22499,https://comfy.ua/ua/televizor-philips-55pus8010-12.html
Телевізори,Телевізор Samsung QE75QN80FAUXUA,84999,https://comfy.ua/ua/televizor-samsung-qe75qn80fauxua.html
Телевізори,Телевізор KIVI 50U720QB,14444,https://comfy.ua/ua/televizor-kivi-50u720qb.html
Телевізори,Телевізор Hisense 32A5Q,9999,https://comfy.ua/ua/televizor-hisense-32a5q.html
Телевізори,Телевізор TCL 75C6K,64999,https://comfy.ua/ua/televizor-tcl-75c6k.html
Телевізори,Телевізор Samsung QE75Q8FAAUXUA,59999,https://comfy.ua/ua/televizor-samsung-qe75q8faauxua.html
Телевізори,Телевізор Sony K-43S30,27999,https://comfy.ua/ua/televizor-sony-k-43s30.html
Телевізори,Телевізор KIVI 32FKIDSTV,8199,https://comfy.ua/ua/televizor-kivi-kidstv.html
Телевізори,Телевізор Xiaomi TV S Pro Mini LED 55 (L55MB-SME),34999,https://comfy.ua/ua/televizor-xiaomi-tv-s-pro-mini-led-55-l55mb-sme.html
Телевізори,Телевізор Samsung QE32LS03CCUXUA,18999,https://comfy.ua/ua/televizor-samsung-qe32ls03ccuxua.html
Телевізори,Телевізор Ergo 55JUQ7500,17999,https://comfy.ua/ua/televizor-ergo-55juq7500.html
Телевізори,Телевізор Samsung QE65QN85FAUXUA,69999,https://comfy.ua/ua/televizor-samsung-qe65qn85fauxua.html
Телевізори,Телевізор Samsung UE24N4500AUXUA,9499,https://comfy.ua/ua/televizor-samsung-ue24n4500auxua.html
Телевізори,Телевізор Samsung QE75Q7FAAUXUA,44999,https://comfy.ua/ua/televizor-samsung-qe75q7faauxua.html
Телевізори,Телевізор Samsung UE98DU9002UXUA,109999,https://comfy.ua/ua/televizor-samsung-ue98du9002uxua.html
Телевізори,Телевізор Philips 55PUS8510/12,24999,https://comfy.ua/ua/televizor-philips-55pus8510-12.html
Телевізори,Телевізор Liberton LTV-43U01AT,9999,https://comfy.ua/ua/televizor-liberton-ltv-43u01at.html
Телевізори,Телевізор Samsung QE55QN80FAUXUA,44999,https://comfy.ua/ua/televizor-samsung-qe55qn80fauxua.html
Телевізори,Телевізор UD 24EHA4210,3899,https://comfy.ua/ua/televizor-ud-24eha4210.html
Телевізори,Телевізор Blaupunkt 32WGC5520,6599,https://comfy.ua/ua/televizor-blaupunkt-32wgc5520.html
Телевізори,Телевізор Thomson 43QG7C14,18999,https://comfy.ua/ua/televizor-thomson-43qg7c14.html
Телевізори,Телевізор Haier H55K801UG,13999,https://comfy.ua/ua/televizor-haier-h55k801ug.html
Телевізори,Телевізор Grifon NV40FSB,6999,https://comfy.ua/ua/televizor-grifon-nv40fsb.html
Телевізори,Телевізор LG 43QNED70A6A,20999,https://comfy.ua/ua/televizor-lg-43qned70a6a.html
Телевізори,Телевізор Blaupunkt 50UGC5500,13999,https://comfy.ua/ua/televizor-blaupunkt-50ugc5500.html
Телевізори,Телевізор Thomson 32HD2S13,5999,https://comfy.ua/ua/televizor-thomson-32hd2s13.html
Телевізори,Телевізор Liberton LTV-43F02GT,9499,https://comfy.ua/ua/televizor-liberton-ltv-43f02gt.html
Телевізори,Телевізор Blaupunkt 32QBG6000S,7799,https://comfy.ua/ua/televizor-blaupunkt-32qbg6000s.html
Телевізори,Телевізор KIVI 32H550NB,5999,https://comfy.ua/ua/televizor-kivi-32h550nb.html
Телевізори,Телевізор Ergo 32JHS6800,6699,https://comfy.ua/ua/televizor-ergo-32jhs6800.html
Телевізори,Телевізор KIVI 32F760QW,8777,https://comfy.ua/ua/televizor-kivi-32f760qw.html
Телевізори,Телевізор Kivi 65U820KB,24999,https://comfy.ua/ua/televizor-kivi-65u820kb.html
Телевізори,Телевізор Samsung QE100QN80FUXUA,179999,https://comfy.ua/ua/televizor-samsung-qe100qn80fuxua.html
Телевізори,Телевізор Skyworth 43Q66PRO,17999,https://comfy.ua/ua/televizor-skyworth-43q66pro.html
Телевізори,Телевізор Xiaomi TV S Mini LED 75 2025,48999,https://comfy.ua/ua/televizor-xiaomi-tv-s-mini-led-75-2025.html
Телевізори,Телевізор Samsung QE55Q7F5AUXUA,27999,https://comfy.ua/ua/televizor-samsung-qe55q7f5auxua.html
Телевізори,Телевізор Haier H32S80EFX,7199,https://comfy.ua/ua/televizor-haier-h32s80efx.html
Телевізори,Телевізор LG 50QNED80A6A,29999,https://comfy.ua/ua/televizor-lg-50qned80a6a.html
Телевізори,Телевізор Samsung QE75LS03FAUXUA,79999,https://comfy.ua/ua/televizor-samsung-qe75ls03fauxua.html
Телевізори,Телевізор LG OLED65B56LA,74999,https://comfy.ua/ua/televizor-lg-oled65b56la.html
Телевізори,Телевізор LG 65NANO81A6A,38999,https://comfy.ua/ua/televizor-lg-65nano81a6a.html
Телевізори,Телевізор Shivaki S32NHC900 Grey,5399,https://comfy.ua/ua/televizor-shivaki-s32nhc900-grey.html
Телевізори,Телевізор Xiaomi TV S Pro Mini LED 75 (L75MB-SME),53999,https://comfy.ua/ua/televizor-xiaomi-tv-s-pro-mini-led-75-l75mb-sme.html
Телевізори,Телевізор Blaupunkt 43QBG6000S,13499,https://comfy.ua/ua/televizor-blaupunkt-43qbg6000s.html
Телевізори,Телевізор Hisense 100E7Q PRO,96999,https://comfy.ua/ua/televizor-hisense-100e7q-pro.html
Телевізори,Телевізор Ergo 43JUQ85,13999,https://comfy.ua/ua/televizor-ergo-43juq85.html
Телевізори,Телевізор Ozone HD 19HN82T2,3789,https://comfy.ua/ua/televizor-ozone-hd-19hn82t2.html
Телевізори,Телевізор Ergo 55MQ95 Game PRO,29999,https://comfy.ua/ua/televizor-ergo-55mq95-game-pro.html
Телевізори,Телевізор Philips 32PFS6000/12,10499,https://comfy.ua/ua/televizor-philips-32pfs6000-12.html
Телевізори,Телевізор Samsung QE77S91FAEXUA,134999,https://comfy.ua/ua/televizor-samsung-qe77s91faexua.html
Телевізори,Телевізор KIVI 55U760QW,20999,https://comfy.ua/ua/televizor-kivi-55u760qw.html
Телевізори,Телевізор Skyworth 60U65G,21999,https://comfy.ua/ua/televizor-skyworth-60u65g.html
Телевізори,Телевізор Hisense 65E7Q PRO,35999,https://comfy.ua/ua/televizor-hisense-65e7q-pro.html
Телевізори,Телевізор Samsung UE75U8000FUXUA,42999,https://comfy.ua/ua/televizor-samsung-ue75u8000fuxua.html
Телевізори,Телевізор Philips 65PUS9010/12,45999,https://comfy.ua/ua/televizor-philips-65pus9010-12.html
Телевізори,Телевізор KIVI 32F720QB,8499,https://comfy.ua/ua/televizor-kivi-32f720qb.html
Телевізори,Телевізор Hisense 65E7Q,32499,https://comfy.ua/ua/televizor-hisense-65e7q.html
Телевізори,Телевізор Blaupunkt 43UGC5500,11299,https://comfy.ua/ua/televizor-blaupunkt-43ugc5500.html
Телевізори,Телевізор Thomson 40FD2S13,8999,https://comfy.ua/ua/televizor-thomson-40fd2s13.html
Телевізори,Телевізор Samsung QE65LS03FAUXUA,55999,https://comfy.ua/ua/televizor-samsung-qe65ls03fauxua.html
Телевізори,Телевізор Hisense 65U8Q,68999,https://comfy.ua/ua/televizor-hisense-65u8q.html
Телевізори,Телевізор KIVI 70U760QB,29899,https://comfy.ua/ua/televizor-kivi-70u760qb.html
Телевізори,Телевізор Sony KD55X75WL,35999,https://comfy.ua/ua/televizor-sony-kd55x75wle33.html
Телевізори,Телевізор Samsung QE75QN85FAUXUA,109999,https://comfy.ua/ua/televizor-samsung-qe75qn85fauxua.html
Телевізори,Телевізор Thomson 50MG7C15,21999,https://comfy.ua/ua/televizor-thomson-50mg7c15.html
Телевізори,Телевізор Liberton LTV-43Q02GT,11499,https://comfy.ua/ua/televizor-liberton-ltv-43q02gt.html
Телевізори,Телевізор Samsung QE43QN90FAUXUA,49999,https://comfy.ua/ua/televizor-samsung-qe43qn90fauxua.html
Телевізори,Телевізор LG 75QNED80A6A,64999,https://comfy.ua/ua/televizor-lg-75qned80a6a.html
Телевізори,Телевізор Hisense 75E7Q,42999,https://comfy.ua/ua/televizor-hisense-75e7q.html
Телевізори,Телевізор Philips 55PUS7000/12,18499,https://comfy.ua/ua/televizor-philips-55pus7000-12.html
Телевізори,Телевізор Hisense 40A4N,9999,https://comfy.ua/ua/televizor-hisense-40a4n.html
Телевізори,Телевізор Ergo 43JFS6800,9999,https://comfy.ua/ua/televizor-ergo-43jfs6800.html
Телевізори,Телевізор LG OLED48B56LA,42999,https://comfy.ua/ua/televizor-lg-oled48b56la.html
Телевізори,Телевізор Sony KD43X75WL,26999,https://comfy.ua/ua/televizor-sony-kd43x75wl.html
Телевізори,Телевізор Kivi 32H800KB,6799,https://comfy.ua/ua/televizor-kivi-32h800kb.html
Телевізори,Телевізор Samsung QE65S85FAEXUA,84999,https://comfy.ua/ua/televizor-samsung-qe65s85faexua.html
Телевізори,Телевізор Thomson 24HD2S13,4999,https://comfy.ua/ua/televizor-thomson-24hd2s13.html
Телевізори,Телевізор Samsung QE65QN800DUXUA,72999,https://comfy.ua/ua/televizor-samsung-qe65qn800duxua.html
Телевізори,Телевізор Mystery MTV-4060FST2,7699,https://comfy.ua/ua/televizor-mystery-mtv-4060fst2.html
Телевізори,Телевізор TCL 85C6K,94999,https://comfy.ua/ua/televizor-tcl-85c6k.html
Телевізори,Телевізор Tesla 55E655BUS,15499,https://comfy.ua/ua/televizor-tesla-55e655bus.html
Телевізори,Телевізор Hisense 32A5NQ,8889,https://comfy.ua/ua/televizor-hisense-32a5nq.html
Телевізори,Телевізор Hisense 55A85Q,44444,https://comfy.ua/ua/televizor-hisense-55a85q.html
Телевізори,Телевізор Philips 43PUS7000/12,15999,https://comfy.ua/ua/televizor-philips-43pus7000-12.html
Телевізори,Телевізор Thomson 32QG4S14,7999,https://comfy.ua/ua/televizor-thomson-32qg4s14.html
Телевізори,Телевізор Philips 65OLED770/12,73999,https://comfy.ua/ua/televizor-philips-65oled770-12.html
Телевізори,Телевізор KIVI 43U770QB,12999,https://comfy.ua/ua/televizor-kivi-43u770qb.html
Телевізори,Телевізор SATELIT 43U8001ST,8999,https://comfy.ua/ua/televizor-satelit-43u8001st.html
Телевізори,Телевізор Haier H50S80FUX,14999,https://comfy.ua/ua/televizor-haier-h50s80fux.html
Телевізори,Телевізор Blaupunkt 43FBG5000,9799,https://comfy.ua/ua/televizor-blaupunkt-43fbg5000.html
Телевізори,Телевізор Thomson 32HA4M44,19999,https://comfy.ua/ua/televizor-thomson-32ha4m44.html
Телевізори,Телевізор Bravis 43K6000U,9999,https://comfy.ua/ua/televizor-bravis-43k6000u.html
Телевізори,Телевізор Xiaomi TV Max 85 2025,72999,https://comfy.ua/ua/televizor-xiaomi-tv-max-85-2025.html
Телевізори,Телевізор KIVI 32H710QB,6999,https://comfy.ua/ua/televizor-kivi-32h710qb.html
Телевізори,Телевізор Ozone 40FSN93T2,7699,https://comfy.ua/ua/televizor-ozone-40fsn93t2.html
Телевізори,Телевізор Thomson 24HQG3S15CW,6999,https://comfy.ua/ua/televizor-thomson-24hqg3s15cw.html
Телевізори,Телевізор Philips 50PUS9010/12,35499,https://comfy.ua/ua/televizor-philips-50pus9010-12.html
Телевізори,Телевізор Ergo 40JFS6800,9499,https://comfy.ua/ua/televizor-ergo-40jfs6800.html
Телевізори,Телевізор TCL 32S4K,8499,https://comfy.ua/ua/televizor-tcl-32s4k.html
Телевізори,Телевізор Ozone 19HN93T2,3849,https://comfy.ua/ua/televizor-ozone-19hn93t2.html
Телевізори,Телевізор Thomson 43MG7C15,20999,https://comfy.ua/ua/televizor-thomson-43mg7c15.html
Телевізори,Телевізор Samsung QE65QN900FUXUA,77999,https://comfy.ua/ua/televizor-samsung-qe65qn900fuxua.html
Телевізори,Телевізор KIVI 32H720QB,6999,https://comfy.ua/ua/televizor-kivi-32h720qb.html
Телевізори,Телевізор Philips 50PUS8010/12,21499,https://comfy.ua/ua/televizor-philips-50pus8010-12.html
Телевізори,Телевізор LG 65QNED80A6A,56499,https://comfy.ua/ua/televizor-lg-65qned80a6a.html
Телевізори,Телевізор KIVI 50U770QB,15999,https://comfy.ua/ua/televizor-kivi-50u770qb.html
Телевізори,Телевізор Mystery MTV-4350FST2,8389,https://comfy.ua/ua/televizor-mystery-mtv-4350fst2.html
Телевізори,Телевізор TCL 32S5400AF,7999,https://comfy.ua/ua/televizor-tcl-32s5400af.html
Телевізори,Телевізор LG 50QNED86A6C,36999,https://comfy.ua/ua/televizor-lg-50qned86a6c.html
Телевізори,Телевізор KIVI 43U740NB,11999,https://comfy.ua/ua/televizor-kivi-43u740nb.html
Телевізори,Телевізор Philips 75PUS8510/12,46999,https://comfy.ua/ua/televizor-philips-75pus8510-12.html
Телевізори,Телевізор Hoffson A32HD500T2SF,5249,https://comfy.ua/ua/televizor-hoffson-a32hd500t2sf.html
Телевізори,Телевізор Skyworth 32S7Q,8999,https://comfy.ua/ua/televizor-skyworth-32s7q.html
Телевізори,Телевізор Ergo 55JUQ85,19999,https://comfy.ua/ua/televizor-ergo-55juq85.html
Телевізори,Телевізор KIVI 65U710QB,22999,https://comfy.ua/ua/televizor-kivi-65u710qb.html
Телевізори,Телевізор Romsat 32HGN18ST2,5799,https://comfy.ua/ua/televizor-romsat-32hgn18st2.html
Телевізори,Телевізор Haier H43K85FUX,11999,https://comfy.ua/ua/televizor-haier-h43k85fux.html
Телевізори,Телевізор Philips 50PUS7000/12,17999,https://comfy.ua/ua/televizor-philips-50pus7000-12.html
Телевізори,Телевізор KIVI 55U740NB,15999,https://comfy.ua/ua/televizor-kivi-55u740nb.html
Телевізори,Телевізор Philips 32PHS6000/12,8999,https://comfy.ua/ua/televizor-philips-32phs6000-12.html
Телевізори,Телевізор TCL 43V5C,13999,https://comfy.ua/ua/televizor-tcl-43v5c.html
Телевізори,Телевізор Ergo 55GUS6500,15999,https://comfy.ua/ua/televizor-ergo-55gus6500.html
Телевізори,Телевізор Toshiba 65QA2363DG,29999,https://comfy.ua/ua/televizor-toshiba-65qa2363dg.html
Телевізори,Телевізор Haier H55K85FUX,14499,https://comfy.ua/ua/televizor-haier-h55k85fux.html
Телевізори,Телевізор Thomson 43UG4S14,12999,https://comfy.ua/ua/televizor-thomson-43ug4s14.html
Телевізори,Телевізор Grifon Diva DV40FSB2,8299,https://comfy.ua/ua/televizor-grifon-diva-dv40fsb2.html
Телевізори,Телевізор Romsat 55USH1950T2,13999,https://comfy.ua/ua/televizor-romsat-55ush1950t2.html
Телевізори,Телевізор Blaupunkt 50QBG6000S,15899,https://comfy.ua/ua/televizor-blaupunkt-50qbg6000s.html
Телевізори,Телевізор Toshiba 43QA2363DG,16699,https://comfy.ua/ua/televizor-toshiba-43qa2363dg.html
Телевізори,Телевізор Philips 43PUS7810/12,17499,https://comfy.ua/ua/televizor-philips-43pus7810-12.html
Телевізори,Телевізор Liberton LTV-32H01AT,6999,https://comfy.ua/ua/televizor-liberton-ltv-32h01at.html
Телевізори,Телевізор Blaupunkt 55UGC5500,15999,https://comfy.ua/ua/televizor-blaupunkt-55ugc5500.html
Телевізори,Телевізор Ozone 24FN93T2,4249,https://comfy.ua/ua/televizor-ozone-24fn93t2.html
Телевізори,Телевізор Blaupunkt 40FGC5500,9499,https://comfy.ua/ua/televizor-blaupunkt-40fgc5500.html
Телевізори,Телевізор Liberton LTV-32H04GT,6999,https://comfy.ua/ua/televizor-liberton-ltv-32h04gt.html
Телевізори,Телевізор LG 86QNED7EA6B,74999,https://comfy.ua/ua/televizor-lg-86qned7ea6b-10143003.html
Телевізори,Телевізор UD 32GW5210,5799,https://comfy.ua/ua/televizor-ud-32gw5210.html
Телевізори,Телевізор Mystery MTV-5560UDT2 Black,14299,https://comfy.ua/ua/televizor-mystery-mtv-5560udt2-black.html
Телевізори,Телевізор Liberton LTV-32H06GT,6499,https://comfy.ua/ua/televizor-liberton-ltv-32h06gt.html
Телевізори,Телевізор Sharp 4T-C43GP6265ES,17199,https://comfy.ua/ua/televizor-sharp-4t-c43gp6265es.html
Телевізори,Телевізор Mystery MTV-5060UDT2 Black,12499,https://comfy.ua/ua/televizor-mystery-mtv-5060udt2-black.html
Телевізори,Телевізор Thomson 32FQG3S15CW,8499,https://comfy.ua/ua/televizor-thomson-32fqg3s15cw.html
Телевізори,Телевізор Ergo 24GHS5500,5399,https://comfy.ua/ua/televizor-ergo-24ghs5500.html
Телевізори,Телевізор Sharp 4T-C50GP6265ES,21999,https://comfy.ua/ua/televizor-sharp-4t-c50gp6265es.html
Телевізори,Телевізор Hisense 75E8Q,54999,https://comfy.ua/ua/televizor-hisense-75e8q.html
Телевізори,Телевізор Shivaki S43NFCH900,8999,https://comfy.ua/ua/televizor-shivaki-s43nfch900.html
Телевізори,Телевізор Haier H32K85FFX,6999,https://comfy.ua/ua/televizor-haier-h32k85ffx.html
Телевізори,Телевізор Ozone 43FSN93T2,8199,https://comfy.ua/ua/televizor-ozone-43fsn93t2.html
Телевізори,Телевізор Hisense 50E7Q,20999,https://comfy.ua/ua/televizor-hisense-50e7q.html
Телевізори,Телевізор Nokia 4300A (UN43GV310),15499,https://comfy.ua/ua/televizor-nokia-4300a-un43gv310.html
Телевізори,Телевізор Blaupunkt 43UGC6000,12999,https://comfy.ua/ua/televizor-blaupunkt-43ugc6000.html
Телевізори,Телевізор Romsat 32HSH1950T2,5199,https://comfy.ua/ua/televizor-romsat-32hsh1950t2.html
Телевізори,Телевізор Sony K-50S30,32999,https://comfy.ua/ua/televizor-sony-k-50s30.html
Телевізори,Телевізор 2E 32A07KF,6999,https://comfy.ua/ua/televizor-2e-32a07kf.html
Телевізори,Телевізор Grunhelm 43U550,14999,https://comfy.ua/ua/televizor-grunhelm-43u550.html
Телевізори,Телевізор Sony K-55XR50,69999,https://comfy.ua/ua/televizor-sony-k-55xr50.html
Телевізори,Телевізор Blaupunkt 32FBG5010S,7999,https://comfy.ua/ua/televizor-blaupunkt-32fbg5010s.html
Телевізори,Телевізор Romsat 42FSH1950T2,8499,https://comfy.ua/ua/televizor-romsat-42fsh1950t2.html
Телевізори,Телевізор Samsung QE65Q7F5AUXUA,37999,https://comfy.ua/ua/televizor-samsung-qe65q7f5auxua.html
Телевізори,Телевізор Grunhelm 24H530-T2,5299,https://comfy.ua/ua/televizor-grunhelm-24h530-t2.html
Телевізори,Телевізор Hisense 100U7Q PRO,149999,https://comfy.ua/ua/televizor-hisense-100u7q-pro.html
Телевізори,Телевізор LG OLED65G54LW,129999,https://comfy.ua/ua/televizor-lg-oled65g54lw.html
Телевізори,Телевізор Hisense 85E7Q PRO,72999,https://comfy.ua/ua/televizor-hisense-85e7q-pro.html
Телевізори,Телевізор Blaupunkt 43UBG6010S,12999,https://comfy.ua/ua/televizor-blaupunkt-43ubg6010s.html
Телевізори,Телевізор UD 50GU6210,12999,https://comfy.ua/ua/televizor-ud-50gu6210.html
Телевізори,Телевізор Hisense 75U7Q PRO,72999,https://comfy.ua/ua/televizor-hisense-75u7q-pro.html
Телевізори,Телевізор Sony K-65XR50,89999,https://comfy.ua/ua/televizor-sony-k-65xr50.html
Телевізори,Телевізор Liberton LTV-32H03AT,6999,https://comfy.ua/ua/televizor-liberton-ltv-32h03at.html
Телевізори,Телевізор Grifon DV32HSB2,5999,https://comfy.ua/ua/televizor-grifon-dv32hsb2.html
Телевізори,Телевізор Samsung UE85U8000FUXUA,55999,https://comfy.ua/ua/televizor-samsung-ue85u8000fuxua.html
Телевізори,Телевізор Samsung QE75QN90FAUXUA,124999,https://comfy.ua/ua/televizor-samsung-qe75qn90fauxua.html
Телевізори,Телевізор Samsung QE85Q8FAAUXUA,74999,https://comfy.ua/ua/televizor-samsung-qe85q8faauxua.html
Телевізори,Телевізор Grunhelm 32F700-GA11V,9079,https://comfy.ua/ua/televizor-grunhelm-32f700-ga11v.html
Телевізори,Телевізор GH 24GH-2514AV,6245,https://comfy.ua/ua/televizor-gh-24gh-2514av.html
Телевізори,Телевізор TCL 65P7K,33999,https://comfy.ua/ua/televizor-tcl-65p7k.html
Телевізори,Телевізор Sony K-55S30,39999,https://comfy.ua/ua/televizor-sony-k-55s30.html
Телевізори,Телевізор Samsung QE77S95FAUXUA,164999,https://comfy.ua/ua/televizor-samsung-qe77s95fauxua.html
Телевізори,Телевізор LG 75NANO81A6A,56999,https://comfy.ua/ua/televizor-lg-75nano81a6a.html
Телевізори,Телевізор LG OLED83C54LA,174999,https://comfy.ua/ua/televizor-lg-oled83c54la.html
Телевізори,Телевізор Sony KD65X75WL,43999,https://comfy.ua/ua/televizor-sony-kd65x75wle33.html
Телевізори,Телевізор TCL 55T8C,25999,https://comfy.ua/ua/televizor-tcl-55t8c.html
Телевізори,Телевізор Grunhelm 32H550,8489,https://comfy.ua/ua/televizor-grunhelm-32h550.html
Телевізори,Телевізор Samsung QE43LS03FAUXUA,35999,https://comfy.ua/ua/televizor-samsung-qe43ls03fauxua.html
Телевізори,Телевізор Sharp 4T-C43HP5265EB,18999,https://comfy.ua/ua/televizor-sharp-4t-c43hp5265eb.html
Телевізори,Телевізор Samsung QE77S85FAEXUA,119999,https://comfy.ua/ua/televizor-samsung-qe77s85faexua.html
Телевізори,Телевізор Samsung QE32LS03CBUXUA,16999,https://comfy.ua/ua/televizor-samsung-qe32ls03cbuxua.html
Телевізори,Телевізор TCL 65T69C,31999,https://comfy.ua/ua/televizor-tcl-65t69c.html
Телевізори,Телевізор Hisense 75A6Q,36999,https://comfy.ua/ua/televizor-hisense-75a6q.html
Телевізори,Телевізор 2E 2E-32A07KHW,5555,https://comfy.ua/ua/televizor-2e-2e-32a07khw.html
Телевізори,Телевізор LG OLED77G54LW,179999,https://comfy.ua/ua/televizor-lg-oled77g54lw.html
Телевізори,Телевізор Sony K-75XR50,119999,https://comfy.ua/ua/televizor-sony-k-75xr50.html
Телевізори,Телевізор Sony KD55X85L,52999,https://comfy.ua/ua/televizor-sony-kd55x85l.html
Телевізори,Телевізор Samsung UE65U7000FUXUA,29499,https://comfy.ua/ua/televizor-samsung-ue65u7000fuxua.html
Телевізори,Телевізор LG 75QNED86A6A,79999,https://comfy.ua/ua/televizor-lg-75qned86a6a.html
Телевізори,Телевізор Samsung QE55S84FAUXUA,59999,https://comfy.ua/ua/televizor-samsung-qe55s84fauxua.html
Телевізори,Телевізор Samsung QE85QN85FAUXUA,134999,https://comfy.ua/ua/televizor-samsung-qe85qn85fauxua.html
Телевізори,Телевізор Hisense 50A7NQ,20999,https://comfy.ua/ua/televizor-hisense-50a7nq.html
Телевізори,Телевізор Sony K-65S30,52599,https://comfy.ua/ua/televizor-sony-k-65s30.html
Телевізори,Телевізор Sony KD65X80L,54999,https://comfy.ua/ua/televizor-sony-kd65x80l.html
Телевізори,Телевізор Tesla Q55E655GUS,17999,https://comfy.ua/ua/televizor-tesla-q55e655gus.html
Телевізори,Телевізор JVC LT-43MU639,10999,https://comfy.ua/ua/televizor-jvc-lt-43mu639.html
Телевізори,Телевізор Hisense 65U8NQ,54999,https://comfy.ua/ua/televizor-hisense-65u8nq.html
Телевізори,Телевізор KIVI 55U720QB,15999,https://comfy.ua/ua/televizor-kivi-55u720qb.html
Телевізори,Телевізор Thomson 55QA2S13,17999,https://comfy.ua/ua/televizor-thomson-55qa2s13.html
Телевізори,Телевізор KIVI 43F730QB,11499,https://comfy.ua/ua/televizor-kivi-43f730qb.html
Телевізори,Телевізор 2E 32A07KW,6999,https://comfy.ua/ua/televizor-2e-32a07kw.html
Телевізори,Телевізор Ergo 32JFQ7510,7799,https://comfy.ua/ua/televizor-ergo-32jfq7510.html
Телевізори,Телевізор Hisense 55A7NQ,23499,https://comfy.ua/ua/televizor-hisense-55a7nq.html
Телевізори,Телевізор ARTEL UA 32 H4101 STEEL,4185,https://comfy.ua/ua/televizor-artel-ua-32-h4101-steel.html
Телевізори,Телевізор TCL 55C645,20999,https://comfy.ua/ua/televizor-tcl-55c645.html
Телевізори,Телевізор Samsung QE83S90FAEXUA,174999,https://comfy.ua/ua/televizor-samsung-qe83s90faexua.html
Телевізори,Телевізор TCL 50P755,17499,https://comfy.ua/ua/televizor-tcl-50p755.html
Телевізори,Телевізор Sony K-75S30,69999,https://comfy.ua/ua/televizor-sony-k-75s30.html
Телевізори,Телевізор LG 55UR78006LK,19999,https://comfy.ua/ua/televizor-lg-55ur78006lk.html
Телевізори,Телевізор LG 86NANO81A6A,72999,https://comfy.ua/ua/televizor-lg-86nano81a6a.html
Телевізори,Телевізор Philips 65MLED820/12,45499,https://comfy.ua/ua/televizor-philips-65mled820-12.html
Телевізори,Телевізор LG 43NANO90A6B,21999,https://comfy.ua/ua/televizor-lg-43nano90a6b.html
Телевізори,Телевізор LG 75QNED7EA6B,54999,https://comfy.ua/ua/televizor-lg-75qned7ea6b.html
Телевізори,Телевізор Samsung QE83S85FAEXUA,149999,https://comfy.ua/ua/televizor-samsung-qe83s85faexua.html
Телевізори,Телевізор DIAMANT 43HL4331F/C,10889,https://comfy.ua/ua/televizor-diamant-43hl4331f-c.html
Телевізори,Телевізор KIVI 50U740NB,14057,https://comfy.ua/ua/televizor-kivi-50u740nb.html
Телевізори,Телевізор KIVI 55U770QB,17999,https://comfy.ua/ua/televizor-kivi-55u770qb.html
Телевізори,Телевізор Grifon DV50UMSB2,12799,https://comfy.ua/ua/televizor-grifon-dv50umsb2.html
Телевізори,Телевізор Kivi 43U800KB,12999,https://comfy.ua/ua/televizor-kivi-43u800kb.html
Телевізори,Телевізор Samsung QE77S90DAEXUA,119999,https://comfy.ua/ua/televizor-samsung-qe77s90daexua.html
Телевізори,Телевізор KIVI 50U760QB,15999,https://comfy.ua/ua/televizor-kivi-50u760qb.html
Телевізори,Телевізор Sharp 4T-C55GP6260ES,25999,https://comfy.ua/ua/televizor-sharp-4t-c55gp6260es.html
Телевізори,Телевізор KIVI 43U760QB,12499,https://comfy.ua/ua/televizor-kivi-43u760qb.html
Телевізори,Телевізор TCL 65C8K,77999,https://comfy.ua/ua/televizor-tcl-65c8k.html
Телевізори,Телевізор Philips 50PUS8510/12,21599,https://comfy.ua/ua/televizor-philips-50pus8510-12.html
Телевізори,Телевізор Tesla Q65E655GUS,25999,https://comfy.ua/ua/televizor-tesla-q65e655gus.html
Телевізори,Телевізор Ergo 55MQ90 Ultra,24999,https://comfy.ua/ua/televizor-ergo-55mq90-ultra.html
Телевізори,Телевізор LG 65QNED86A6A,65999,https://comfy.ua/ua/televizor-lg-65qned86a6a.html
Телевізори,Телевізор Mystery MTV-4360FST2,8399,https://comfy.ua/ua/televizor-mystery-mtv-4360fst2.html
Телевізори,Телевізор Ozone 24FN22T2,4099,https://comfy.ua/ua/televizor-ozone-24fn22t2.html
Телевізори,Телевізор Grunhelm 32H545-T2,6959,https://comfy.ua/ua/televizor-grunhelm-32h545-t2.html
Телевізори,Телевізор Blaupunkt 32FBG5000,6799,https://comfy.ua/ua/televizor-blaupunkt-32fbg5000.html
Телевізори,Телевізор Thomson 32HG4M45,18999,https://comfy.ua/ua/televizor-thomson-32hg4m45.html
Телевізори,Телевізор Blaupunkt 32WGC5500,6299,https://comfy.ua/ua/televizor-blaupunkt-32wgc5500.html
Телевізори,Телевізор TCL 43S59K,13999,https://comfy.ua/ua/televizor-tcl-43s59k.html
Телевізори,Телевізор UD 32GHC5210,5799,https://comfy.ua/ua/televizor-ud-32ghc5210.html
Телевізори,Телевізор UD 40GFC5210,8499,https://comfy.ua/ua/televizor-ud-40gfc5210.html
Телевізори,Телевізор UD 43GFC5210,8999,https://comfy.ua/ua/televizor-ud-43gfc5210.html
Телевізори,Телевізор TCL 75C61KS,54999,https://comfy.ua/ua/televizor-tcl-75c61ks.html
Телевізори,Телевізор TCL 65P81K,36999,https://comfy.ua/ua/televizor-tcl-65p81k.html
Телевізори,Телевізор Blaupunkt 75UGC5500,35999,https://comfy.ua/ua/televizor-blaupunkt-75ugc5500.html
Телевізори,Телевізор Grunhelm 24H550,6959,https://comfy.ua/ua/televizor-grunhelm-24h550.html
Телевізори,Телевізор GH 50GHU-2514AV,18349,https://comfy.ua/ua/televizor-gh-50ghu-2514av.html
Телевізори,Телевізор Blaupunkt 65MCG8000,36999,https://comfy.ua/ua/televizor-blaupunkt-65mcg8000.html
Телевізори,Телевізор TCL 75P81K,53999,https://comfy.ua/ua/televizor-tcl-75p81k.html
Телевізори,Телевізор Blaupunkt 86UGC5500,54999,https://comfy.ua/ua/televizor-blaupunkt-86ugc5500.html
Телевізори,Телевізор Blaupunkt 55MCG8000,25999,https://comfy.ua/ua/televizor-blaupunkt-55mcg8000.html
Телевізори,Телевізор TCL 98C61K,129999,https://comfy.ua/ua/televizor-tcl-98c61k.html
Телевізори,Телевізор TCL 75P71K,46999,https://comfy.ua/ua/televizor-tcl-75p71k.html
Телевізори,Телевізор TCL 65P71K,33999,https://comfy.ua/ua/televizor-tcl-65p71k.html
Телевізори,Телевізор TCL 40V5C,12999,https://comfy.ua/ua/televizor-tcl-40v5c.html
Телевізори,Телевізор UD 58GUC5210,16999,https://comfy.ua/ua/televizor-ud-58guc5210.html
Телевізори,Телевізор TCL 50T69C,19999,https://comfy.ua/ua/televizor-tcl-50t69c.html
Телевізори,Телевізор GH 32GH-2500T2,6789,https://comfy.ua/ua/televizor-gh-32gh-2500t2.html
Телевізори,Телевізор Hoffson A43FHD500T2SF,8399,https://comfy.ua/ua/televizor-hoffson-a43fhd500t2sf.html
Телевізори,Телевізор Edler AK43FHD22 W,9999,https://comfy.ua/ua/televizor-edler-ak43fhd22-w.html
Телевізори,Телевізор Edler AK32HHD22 W,6799,https://comfy.ua/ua/televizor-edler-ak32hhd22-w.html
Телевізори,Телевізор Edler AK50UHD22 W,15499,https://comfy.ua/ua/televizor-edler-ak50uhd22-w.html
Телевізори,Телевізор Romsat 65USH1950T2,20999,https://comfy.ua/ua/televizor-romsat-65ush1950t2.html
Телевізори,Телевізор Liberton LTV-50Q02GT,13999,https://comfy.ua/ua/televizor-liberton-ltv-50q02gt.html
Телевізори,Телевізор Edler AK40FHD22 W,9149,https://comfy.ua/ua/televizor-edler-ak40fhd22-w.html
Телевізори,Телевізор Blaupunkt 40FCE4000S,7999,https://comfy.ua/ua/televizor-blaupunkt-40fce4000s.html
Телевізори,Телевізор Thomson 43UG4S15,12999,https://comfy.ua/ua/televizor-thomson-43ug4s15.html
Телевізори,Телевізор Blaupunkt 32HCT6000S,6599,https://comfy.ua/ua/televizor-blaupunkt-32hct6000s.html
Телевізори,Телевізор Philips 65PUS7000/12,28675,https://comfy.ua/ua/televizor-philips-65pus7000-12.html
Телевізори,Телевізор Grunhelm Q85U801-GTV5V T2,67899,https://comfy.ua/ua/televizor-grunhelm-q85u801-gtv5v-t2.html
Телевізори,Телевізор Sharp 4T-C70HP5265EB,34999,https://comfy.ua/ua/televizor-sharp-4t-c70hp5265eb.html
Телевізори,Телевізор Sharp 4T-C50HP5265EB,22999,https://comfy.ua/ua/televizor-sharp-4t-c50hp5265eb.html
Телевізори,Телевізор Sharp 4T-C55HP5265EB,25999,https://comfy.ua/ua/televizor-sharp-4t-c55hp5265eb.html
Телевізори,Телевізор Blaupunkt 65MCG8000S,36999,https://comfy.ua/ua/televizor-blaupunkt-65mcg8000s.html
Телевізори,Телевізор Blaupunkt 75MCG8000S,52999,https://comfy.ua/ua/televizor-blaupunkt-75mcg8000s.html
Телевізори,Телевізор Blaupunkt 55MCG8000S,25999,https://comfy.ua/ua/televizor-blaupunkt-55mcg8000s.html
Телевізори,Телевізор Samsung MRE115MR95FXUA,1299999,https://comfy.ua/ua/televizor-samsung-mre115mr95fxua.html
Телевізори,Телевізор GH 43GHF-2514AV,10325,https://comfy.ua/ua/televizor-gh-43ghf-2514av.html
Телевізори,Телевізор Kivi 50U820KB,14999,https://comfy.ua/ua/televizor-kivi-50u820kb.html
Телевізори,Телевізор Kivi 40F800KB,9999,https://comfy.ua/ua/televizor-kivi-40f800kb.html
Телевізори,Телевізор TCL 85P71K,74999,https://comfy.ua/ua/televizor-tcl-85p71k.html
Телевізори,Телевізор Sony K-85S30,95999,https://comfy.ua/ua/televizor-sony-k-85s30.html
Телевізори,Телевізор Liberton LTV-32H07GT,6499,https://comfy.ua/ua/televizor-liberton-ltv-32h07gt.html
Телевізори,Телевізор Grunhelm 40F550,10939,https://comfy.ua/ua/televizor-grunhelm-40f550.html
Телевізори,Телевізор Grunhelm 43F550,12399,https://comfy.ua/ua/televizor-grunhelm-43f550.html
Телевізори,Телевізор LG OLED77B56LA,112999,https://comfy.ua/ua/televizor-lg-oled77b56la.html
Телевізори,Телевізор Grunhelm 32F550,9079,https://comfy.ua/ua/televizor-grunhelm-32f550.html
Телевізори,Телевізор Kivi 55U800KB,17999,https://comfy.ua/ua/televizor-kivi-55u800kb.html
Телевізори,Телевізор Haier H43S80FUX,13999,https://comfy.ua/ua/televizor-haier-h43s80fux.html
Телевізори,Телевізор Thomson 43FQG3S15,11499,https://comfy.ua/ua/televizor-thomson-43fqg3s15.html
Телевізори,Телевізор Grunhelm 50U550,18159,https://comfy.ua/ua/televizor-grunhelm-50u550.html
Телевізори,Телевізор Haier H50K85FUX,13999,https://comfy.ua/ua/televizor-haier-h50k85fux.html
Телевізори,Телевізор Sony K-85XR50,159999,https://comfy.ua/ua/televizor-sony-k-85xr50.html
Телевізори,Телевізор Grunhelm Q75U701-GTV5V,42489,https://comfy.ua/ua/televizor-grunhelm-q75u701-gtv5v.html
Телевізори,Телевізор GH 32GH-2514AV,5959,https://comfy.ua/ua/televizor-gh-32gh-2514av.html
Телевізори,Телевізор Blaupunkt 55MBG7000,23999,https://comfy.ua/ua/televizor-blaupunkt-55mbg7000.html
Телевізори,Телевізор Philips 77OLED770/12,104999,https://comfy.ua/ua/televizor-philips-77oled770-12.html
Телевізори,Телевізор TCL 85X11K,199999,https://comfy.ua/ua/televizor-tcl-85x11k.html
Телевізори,Телевізор Bravis 50K7000Q,13999,https://comfy.ua/ua/televizor-bravis-50k7000q.html
Телевізори,Телевізор Grifon Diva DV43FSB2,8999,https://comfy.ua/ua/televizor-grifon-diva-dv43fsb2.html
Телевізори,Телевізор Romsat 50USH1950T2,12599,https://comfy.ua/ua/televizor-romsat-50ush1950t2.html
Телевізори,Телевізор Blaupunkt 65MBG7000S,35999,https://comfy.ua/ua/televizor-blaupunkt-65mbg7000s.html
Телевізори,Телевізор Grunhelm 24H310-GA11,6959,https://comfy.ua/ua/televizor-grunhelm-24h310-ga11.html
Телевізори,Телевізор Toshiba 50QA2363DG,19399,https://comfy.ua/ua/televizor-toshiba-50qa2363dg.html
Телевізори,Телевізор Toshiba 55QA2363DG,22799,https://comfy.ua/ua/televizor-toshiba-55qa2363dg.html
Телевізори,Телевізор Grunhelm 32H310-T2,6959,https://comfy.ua/ua/televizor-grunhelm-32h310-t2.html
Телевізори,Телевізор Thomson 55MG7C15,31999,https://comfy.ua/ua/televizor-thomson-55mg7c15.html
Телевізори,Телевізор TCL 75C8K,109999,https://comfy.ua/ua/televizor-tcl-75c8k.html
Телевізори,Телевізор DIAMANT 40HL4330F/C,9599,https://comfy.ua/ua/televizor-diamant-40hl4330f-c.html
Телевізори,Телевізор TCL 75P7K,46999,https://comfy.ua/ua/televizor-tcl-75p7k.html
Телевізори,Телевізор DIAMANT 43HL4330F/C,10599,https://comfy.ua/ua/televizor-diamant-43hl4330f-c.html
Телевізори,Телевізор DIAMANT 55HL5530U/C,19999,https://comfy.ua/ua/televizor-diamant-55hl5530u-c.html
Телевізори,Телевізор TCL 75P6K,44999,https://comfy.ua/ua/televizor-tcl-75p6k.html
Телевізори,Телевізор TCL 98C6K,129999,https://comfy.ua/ua/televizor-tcl-98c6k.html
Телевізори,Телевізор DIAMANT 65HL5530U/C,25999,https://comfy.ua/ua/televizor-diamant-65hl5530u-c.html
Телевізори,Телевізор TCL 98P8K,119999,https://comfy.ua/ua/televizor-tcl-98p8k.html
Телевізори,Телевізор Thomson 75MG7C15,54999,https://comfy.ua/ua/televizor-thomson-75mg7c15.html
Телевізори,Телевізор TCL 85P8K,79999,https://comfy.ua/ua/televizor-tcl-85p8k.html
Телевізори,Телевізор Grunhelm 32H310-GA11V,8249,https://comfy.ua/ua/televizor-grunhelm-32h310-ga11v.html
Телевізори,Телевізор DIAMANT 50HL5530U/C,15499,https://comfy.ua/ua/televizor-diamant-50hl5530u-c.html
Телевізори,Телевізор TCL 98C7K,169999,https://comfy.ua/ua/televizor-tcl-98c7k.html
Телевізори,Телевізор Toshiba 43LA2E63DG,15599,https://comfy.ua/ua/televizor-toshiba-43la2e63dg.html
Телевізори,Телевізор Toshiba 50UA2363DG,21999,https://comfy.ua/ua/televizor-toshiba-50ua2363dg.html
Телевізори,Телевізор Toshiba 65UA2363DG,31999,https://comfy.ua/ua/televizor-toshiba-65ua2363dg.html
Телевізори,Телевізор Toshiba 55UA2363DG,25599,https://comfy.ua/ua/televizor-toshiba-55ua2363dg.html
Телевізори,Телевізор Philips 40PFS6000/12,13499,https://comfy.ua/ua/televizor-philips-40pfs6000-12.html
Телевізори,Телевізор Hisense 75U8Q,99999,https://comfy.ua/ua/televizor-hisense-75u8q.html
Телевізори,Телевізор Thomson 65QG7C04,32999,https://comfy.ua/ua/televizor-thomson-65qg7c04.html
Телевізори,Телевізор Hisense 85E7Q,59999,https://comfy.ua/ua/televizor-hisense-85e7q.html
Телевізори,Телевізор Hisense 75U7Q,54999,https://comfy.ua/ua/televizor-hisense-75u7q.html
Телевізори,Телевізор Philips 48OLED770/12,44999,https://comfy.ua/ua/televizor-philips-48oled770-12.html
Телевізори,Телевізор Philips 55PUS9010/12,38999,https://comfy.ua/ua/televizor-philips-55pus9010-12.html
Телевізори,Телевізор Liberty LD-3214,5499,https://comfy.ua/ua/televizor-liberty-ld-3214.html
Телевізори,Телевізор Philips 65OLED820/12,99999,https://comfy.ua/ua/televizor-philips-65oled820-12.html
Телевізори,Телевізор Philips 43PUS8010/12,17499,https://comfy.ua/ua/televizor-philips-43pus8010-12.html
Телевізори,Телевізор Philips 65PUS8510/12,38999,https://comfy.ua/ua/televizor-philips-65pus8510-12.html
Телевізори,Телевізор Philips 65PUS8010/12,31849,https://comfy.ua/ua/televizor-philips-65pus8010-12.html
Телевізори,Телевізор Philips 55MLED820/12,33999,https://comfy.ua/ua/televizor-philips-55mled820-12.html
Телевізори,Телевізор Philips 75MLED920/12,75999,https://comfy.ua/ua/televizor-philips-75mled920-12.html
Телевізори,Телевізор Philips 50PUS7810/12,20999,https://comfy.ua/ua/televizor-philips-50pus7810-12.html
Телевізори,Телевізор Philips 55PUS7810/12,24499,https://comfy.ua/ua/televizor-philips-55pus7810-12.html
Телевізори,Телевізор Philips 75PUS9010/12,64999,https://comfy.ua/ua/televizor-philips-75pus9010-12.html
